Child Commit Recent Date,Parent,Total Deleted Testfile,Deleted Testfile,Total Redundant Tests,Redundant Tests,Total Deleted Tests,Deleted Tests
2002-09-12 17:01:25,"=HYPERLINK(""https://github.com/apache/commons-lang/commit/5cab6528eae28321fcd7bea44e83bd46e91fac63"", ""5cab6528eae28321fcd7bea44e83bd46e91fac63"")",1,['src/test/org/apache/commons/lang/HashCodeBuilderTest.java'],20,"['testConstructorEx1', 'testConstructorEx2', 'testObject', 'testLong', 'testInt', 'testShort', 'testChar', 'testByte', 'testDouble', 'testFloat', 'testBoolean', 'testObjectArray', 'testLongArray', 'testIntArray', 'testShortArray', 'testCharArray', 'testByteArray', 'testDoubleArray', 'testFloatArray', 'testBooleanArray']",20,"['testConstructorEx1', 'testConstructorEx2', 'testObject', 'testLong', 'testInt', 'testShort', 'testChar', 'testByte', 'testDouble', 'testFloat', 'testBoolean', 'testObjectArray', 'testLongArray', 'testIntArray', 'testShortArray', 'testCharArray', 'testByteArray', 'testDoubleArray', 'testFloatArray', 'testBooleanArray']"
2002-11-06 13:09:00,"=HYPERLINK(""https://github.com/apache/commons-lang/commit/8ebe30ba3091b05ae28f70ba235c558e9a1b4235"", ""8ebe30ba3091b05ae28f70ba235c558e9a1b4235"")",1,['src/test/org/apache/commons/lang/functor/TestClosureUtils.java'],0,[],26,"['testExceptionClosure', 'testNopClosure', 'testInvokeClosure', 'testForClosure', 'testWhileClosure', 'testDoWhileClosure', 'testChainedClosure', 'testChainedClosureEx1a', 'testChainedClosureEx1b', 'testChainedClosureEx1c', 'testChainedClosureEx2', 'testChainedClosureEx3', 'testChainedClosureEx4', 'testChainedClosureEx5', 'testSwitchClosure', 'testSwitchClosureEx1a', 'testSwitchClosureEx1b', 'testSwitchClosureEx1c', 'testSwitchClosureEx2', 'testSwitchClosureEx3', 'testSwitchClosureEx4', 'testSwitchClosureEx5', 'testSwitchClosureEx6', 'testSwitchMapClosure', 'testSwitchMapClosureEx1', 'testSwitchMapClosureEx2']"
2003-05-16 17:17:35,"=HYPERLINK(""https://github.com/apache/commons-lang/commit/e329c3556ce0b4a87568f3783adc193719670560"", ""e329c3556ce0b4a87568f3783adc193719670560"")",4,"['src/test/org/apache/commons/lang/functor/TestExecutorUtils.java', 'src/test/org/apache/commons/lang/functor/TestTransformerUtils.java', 'src/test/org/apache/commons/lang/functor/TestPredicateUtils.java', 'src/test/org/apache/commons/lang/functor/TestFactoryUtils.java']",0,[],140,"['testExceptionExecutor', 'testNopExecutor', 'testInvokeExecutor', 'testForExecutor', 'testWhileExecutor', 'testDoWhileExecutor', 'testChainedExecutor', 'testChainedExecutorEx1a', 'testChainedExecutorEx1b', 'testChainedExecutorEx1c', 'testChainedExecutorEx2', 'testChainedExecutorEx3', 'testChainedExecutorEx4', 'testChainedExecutorEx5', 'testSwitchExecutor', 'testSwitchExecutorEx1a', 'testSwitchExecutorEx1b', 'testSwitchExecutorEx1c', 'testSwitchExecutorEx2', 'testSwitchExecutorEx3', 'testSwitchExecutorEx4', 'testSwitchExecutorEx5', 'testSwitchExecutorEx6', 'testSwitchMapExecutor', 'testSwitchMapExecutorEx1', 'testSwitchMapExecutorEx2', 'testExceptionFactory', 'testNullFactory', 'testConstantFactoryNull', 'testConstantFactoryConstant', 'testPrototypeFactoryNull', 'testPrototypeFactoryPublicCloneMethod', 'testPrototypeFactoryPublicCopyConstructor', 'testPrototypeFactoryPublicSerialization', 'testPrototypeFactoryPublicSerializationError', 'testPrototypeFactoryPublicBad', 'testReflectionFactoryNull', 'testReflectionFactorySimple', 'testReflectionFactoryMismatch', 'testReflectionFactoryNoConstructor', 'testReflectionFactoryComplex', 'testExceptionPredicate', 'testNullPredicate', 'testIsNotNullPredicate', 'testEqualPredicate', 'testIdentityPredicate', 'testTruePredicate', 'testFalsePredicate', 'testNotPredicate', 'testNotPredicateEx', 'testAndPredicate', 'testAndPredicateEx', 'testAllPredicate', 'testAllPredicateEx1', 'testAllPredicateEx2', 'testAllPredicateEx3', 'testAllPredicateEx4', 'testAllPredicateEx5', 'testAllPredicateEx6', 'testOrPredicate', 'testOrPredicateEx', 'testAnyPredicate', 'testAnyPredicateEx1', 'testAnyPredicateEx2', 'testAnyPredicateEx3', 'testAnyPredicateEx4', 'testAnyPredicateEx5', 'testAnyPredicateEx6', 'testEitherPredicate', 'testEitherPredicateEx', 'testOnePredicate', 'testOnePredicateEx1', 'testOnePredicateEx2', 'testOnePredicateEx3', 'testOnePredicateEx4', 'testOnePredicateEx5', 'testOnePredicateEx6', 'testNeitherPredicate', 'testNeitherPredicateEx', 'testNonePredicate', 'testNonePredicateEx1', 'testNonePredicateEx2', 'testNonePredicateEx3', 'testNonePredicateEx4', 'testNonePredicateEx5', 'testNonePredicateEx6', 'testInstanceOfPredicate', 'testUniquePredicate', 'testAsPredicateTransformer', 'testAsPredicateTransformerEx1', 'testAsPredicateTransformerEx2', 'testInvokerPredicate', 'testInvokerPredicateEx1', 'testInvokerPredicateEx2', 'testInvokerPredicateEx3', 'testInvokerPredicate2', 'testInvokerPredicate2Ex1', 'testInvokerPredicate2Ex2', 'testInvokerPredicate2Ex3', 'testNullIsExceptionPredicate', 'testNullIsExceptionPredicateEx1', 'testNullIsTruePredicate', 'testNullIsTruePredicateEx1', 'testNullIsFalsePredicate', 'testNullIsFalsePredicateEx1', 'testExceptionTransformer', 'testNullTransformer', 'testNopTransformer', 'testConstantTransformer', 'testCloneTransformer', 'testMapTransformer', 'testExecutorTransformer', 'testPredicateTransformer', 'testFactoryTransformer', 'testChainedTransformer', 'testChainedTransformerEx1a', 'testChainedTransformerEx1b', 'testChainedTransformerEx1c', 'testChainedTransformerEx2', 'testChainedTransformerEx3', 'testChainedTransformerEx4', 'testChainedTransformerEx5', 'testSwitchTransformer', 'testSwitchTransformerEx1a', 'testSwitchTransformerEx1b', 'testSwitchTransformerEx1c', 'testSwitchTransformerEx2', 'testSwitchTransformerEx3', 'testSwitchTransformerEx4', 'testSwitchTransformerEx5', 'testSwitchTransformerEx6', 'testSwitchMapTransformer', 'testSwitchMapTransformerEx1', 'testSwitchMapTransformerEx2', 'testInvokerTransformer', 'testInvokerTransformerEx1', 'testInvokerTransformerEx3', 'testInvokerTransformer2', 'testInvokerTransformer2Ex1', 'testInvokerTransformer2Ex3']"
2003-08-17 16:57:37,"=HYPERLINK(""https://github.com/apache/commons-lang/commit/b75b09afe0be9fd009b1290b5ce75dcf1144b226"", ""b75b09afe0be9fd009b1290b5ce75dcf1144b226"")",1,['src/test/org/apache/commons/lang/WordWrapUtilsTest.java'],0,[],4,"['testWrapText1', 'testWrapText2', 'testWrapText3', 'testWrapText4']"
2004-03-04 15:00:02,"=HYPERLINK(""https://github.com/apache/commons-lang/commit/5e7cf0ed0e5a457e6e180e83ffbafa0b582e2759"", ""5e7cf0ed0e5a457e6e180e83ffbafa0b582e2759"")",1,['src/test/org/apache/commons/lang/util/IdentifierUtilsTest.java'],1,['testConstructor'],16,"['testConstructor', 'testLongIncrementing', 'testLongIncrementingNoArgs', 'testLongIncrementingInit', 'testLongIncrementingWrap', 'testLongIncrementingNoWrap', 'testStringNumericLong', 'testStringNumericNoArgs', 'testStringNumericInit', 'testStringNumericWrap', 'testStringNumericNoWrap', 'testStringAlphanumeric', 'testLongAlphanumericNoArgs', 'testStringAlphanumericWrap', 'testStringAlphanumericNoWrap', 'testStringSession']"
2004-07-07 18:50:28,"=HYPERLINK(""https://github.com/apache/commons-lang/commit/43eba0aec4b19ac87e360dbc5d51af5bc15df4ea"", ""43eba0aec4b19ac87e360dbc5d51af5bc15df4ea"")",1,['src/test/org/apache/commons/lang/mutable/MutableNumberTest.java'],1,['testSetValue'],1,['testSetValue']
2005-07-23 16:56:59,"=HYPERLINK(""https://github.com/apache/commons-lang/commit/7952a5525444ab03243a9f80375050caf2419770"", ""7952a5525444ab03243a9f80375050caf2419770"")",1,['src/test/org/apache/commons/lang/text/InterpolationTest.java'],5,"['testSimpleVariableSubstitution', 'testNullMap', 'testEmptyMap', 'testNullTemplate', 'testRecursive']",5,"['testSimpleVariableSubstitution', 'testNullMap', 'testEmptyMap', 'testNullTemplate', 'testRecursive']"
2006-08-08 18:35:31,"=HYPERLINK(""https://github.com/apache/commons-lang/commit/db951873904b927b43f35478586f064ea6ea6deb"", ""db951873904b927b43f35478586f064ea6ea6deb"")",1,['src/test/org/apache/commons/lang/text/VariableFormatterTest.java'],7,"['testNullMap', 'testReplaceEmptyKeys', 'testReplaceNoEscape', 'testReplaceNoMarkers', 'testReplaceNoPrefix', 'testReplaceNoSuffix', 'testReplaceWeirdPattens']",18,"['testCyclicReplacement', 'testEscape', 'testInitialize', 'testNonDefaultTokens', 'testNonInstanceMethods', 'testNullMap', 'testRecursiveReplacement', 'testReplace', 'testReplaceEmptyKeys', 'testReplaceNoEscape', 'testReplaceNoMarkers', 'testReplaceNoPrefix', 'testReplaceNoSuffix', 'testReplaceNothing', 'testReplaceObject', 'testReplaceSystemProperties', 'testReplaceWeirdPattens', 'testReplaceCharArray']"
2008-02-25 13:49:21,"=HYPERLINK(""https://github.com/apache/commons-lang/commit/68c6547d0cc71c538a52b81f0ef3af69b9d80085"", ""68c6547d0cc71c538a52b81f0ef3af69b9d80085"")",1,['src/test/org/apache/commons/lang/text/MultiFormatTest.java'],0,[],6,"['testFormatNumber', 'testParseNumber', 'testFormatDate', 'testParseDate', 'testFormatObject', 'testParseGarbage']"
2008-02-27 11:12:38,"=HYPERLINK(""https://github.com/apache/commons-lang/commit/7f5ffc6036d4b2199af5b2d655691bc0af4478ee"", ""7f5ffc6036d4b2199af5b2d655691bc0af4478ee"")",2,"['src/test/org/apache/commons/lang/text/AbstractMessageFormatTest.java', 'src/test/org/apache/commons/lang/text/MessageFormatExtensionTest.java']",30,"['testNoFormatElements', 'testSimpleStrings', 'testSimpleNumbers', 'testSimpleDates', 'testNumber', 'testNumberLooseFormatting', 'testInteger', 'testIntegerLooseFormatting', 'testCurrency', 'testPercent', 'testNumberPattern', 'testDate', 'testDateLooseFormatting', 'testShortDate', 'testShortDateLooseFormatting', 'testMediumDate', 'testLongDate', 'testFullDate', 'testDatePattern', 'testTime', 'testShortTime', 'testMediumTime', 'testLongTime', 'testFullTime', 'testTimePattern', 'testChoice', 'testChoiceLooseFormatting', 'testChoiceRecursive', 'testProperName', 'testMixed']",30,"['testNoFormatElements', 'testSimpleStrings', 'testSimpleNumbers', 'testSimpleDates', 'testNumber', 'testNumberLooseFormatting', 'testInteger', 'testIntegerLooseFormatting', 'testCurrency', 'testPercent', 'testNumberPattern', 'testDate', 'testDateLooseFormatting', 'testShortDate', 'testShortDateLooseFormatting', 'testMediumDate', 'testLongDate', 'testFullDate', 'testDatePattern', 'testTime', 'testShortTime', 'testMediumTime', 'testLongTime', 'testFullTime', 'testTimePattern', 'testChoice', 'testChoiceLooseFormatting', 'testChoiceRecursive', 'testProperName', 'testMixed']"
2009-03-01 21:40:27,"=HYPERLINK(""https://github.com/apache/commons-lang/commit/5df3e1aad76a65c6e437e1f6c441601039742368"", ""5df3e1aad76a65c6e437e1f6c441601039742368"")",3,"['src/test/org/apache/commons/lang/enum/EnumTest.java', 'src/test/org/apache/commons/lang/enum/ValuedEnumTest.java', 'src/test/org/apache/commons/lang/enum/EnumUtilsTest.java']",24,"['testName', 'testCompareTo', 'testHashCode', 'testToString', 'testSerialization', 'testBroken1', 'testBroken2', 'testBroken3', 'testBroken1Operation', 'testBroken2Operation', 'testBroken3Operation', 'testBroken4Operation', 'testBroken5Operation', 'testOperationSerialization', 'testOperationToString', 'testExtendedSerialization', 'testExtendedToString', 'testColorEnumEqualsWithDifferentClassLoaders', 'testConstructor', 'testName', 'testValue', 'testCompareTo', 'testToString', 'testSerialization']",62,"['testName', 'testCompareTo', 'testEquals', 'testHashCode', 'testToString', 'testIterator', 'testList', 'testMap', 'testGet', 'testSerialization', 'testBroken1', 'testBroken2', 'testBroken3', 'testBroken1Operation', 'testBroken2Operation', 'testBroken3Operation', 'testBroken4Operation', 'testBroken5Operation', 'testOperationGet', 'testOperationSerialization', 'testOperationToString', 'testOperationList', 'testOperationMap', 'testOperationCalculation', 'testExtended1Get', 'testExtended2Get', 'testExtended3Get', 'testExtendedSerialization', 'testExtendedToString', 'testExtended1List', 'testExtended2List', 'testExtended3List', 'testExtended1Map', 'testExtended2Map', 'testExtended3Map', 'testNested', 'testNestedBroken', 'testNestedLinked', 'testNestedReferenced', 'testColorEnumEqualsWithDifferentClassLoaders', 'testConstructor', 'testIterator', 'testIteratorEx', 'testList', 'testListEx', 'testMap', 'testMapEx', 'testGet', 'testGetEx', 'testGetValue', 'testGetValueEx', 'testName', 'testValue', 'testCompareTo', 'testEquals', 'testToString', 'testIterator', 'testList', 'testMap', 'testGet', 'testGetValue', 'testSerialization']"
2009-03-07 19:56:56,"=HYPERLINK(""https://github.com/apache/commons-lang/commit/784a817fef0bcd09432c32e54bf80d972d3d15bc"", ""784a817fef0bcd09432c32e54bf80d972d3d15bc"")",4,"['src/test/org/apache/commons/lang/enums/EnumTest.java', 'src/test/org/apache/commons/lang/enums/EnumUtilsTest.java', 'src/test/org/apache/commons/lang/enums/EnumEqualsTest.java', 'src/test/org/apache/commons/lang/enums/ValuedEnumTest.java']",36,"['testEquals', 'testEquals_classloader_equal', 'testEquals_classloader_different', 'testCompareTo', 'testName', 'testCompareTo', 'testHashCode', 'testToString', 'testSerialization', 'testBroken1', 'testBroken2', 'testBroken3', 'testBroken1Operation', 'testBroken2Operation', 'testBroken3Operation', 'testBroken4Operation', 'testBroken5Operation', 'testOperationSerialization', 'testOperationToString', 'testExtendedSerialization', 'testExtendedToString', 'testColorEnumEqualsWithDifferentClassLoaders', 'testConstructor', 'testName', 'testValue', 'testCompareTo', 'testCompareTo_classloader_equal', 'testCompareTo_classloader_different', 'testCompareTo_nonEnumType', 'testCompareTo_otherEnumType', 'testCompareTo_otherType', 'testCompareTo_null', 'testEquals_classloader_equal', 'testEquals_classloader_different', 'testToString', 'testSerialization']",74,"['testEquals', 'testEquals_classloader_equal', 'testEquals_classloader_different', 'testCompareTo', 'testName', 'testCompareTo', 'testEquals', 'testHashCode', 'testToString', 'testIterator', 'testList', 'testMap', 'testGet', 'testSerialization', 'testBroken1', 'testBroken2', 'testBroken3', 'testBroken1Operation', 'testBroken2Operation', 'testBroken3Operation', 'testBroken4Operation', 'testBroken5Operation', 'testOperationGet', 'testOperationSerialization', 'testOperationToString', 'testOperationList', 'testOperationMap', 'testOperationCalculation', 'testExtended1Get', 'testExtended2Get', 'testExtended3Get', 'testExtendedSerialization', 'testExtendedToString', 'testExtended1List', 'testExtended2List', 'testExtended3List', 'testExtended1Map', 'testExtended2Map', 'testExtended3Map', 'testNested', 'testNestedBroken', 'testNestedLinked', 'testNestedReferenced', 'testColorEnumEqualsWithDifferentClassLoaders', 'testConstructor', 'testIterator', 'testIteratorEx', 'testList', 'testListEx', 'testMap', 'testMapEx', 'testGet', 'testGetEx', 'testGetValue', 'testGetValueEx', 'testName', 'testValue', 'testCompareTo', 'testCompareTo_classloader_equal', 'testCompareTo_classloader_different', 'testCompareTo_nonEnumType', 'testCompareTo_otherEnumType', 'testCompareTo_otherType', 'testCompareTo_null', 'testEquals', 'testEquals_classloader_equal', 'testEquals_classloader_different', 'testToString', 'testIterator', 'testList', 'testMap', 'testGet', 'testGetValue', 'testSerialization']"
2009-03-14 04:59:56,"=HYPERLINK(""https://github.com/apache/commons-lang/commit/cba79c706bdb523861fd3a07a63fc9fef0b631ce"", ""cba79c706bdb523861fd3a07a63fc9fef0b631ce"")",1,['src/test/org/apache/commons/lang/NumberUtilsTest.java'],1,['testPublicNoArgConstructor'],20,"['testStringToIntString', 'testStringToIntStringI', 'testCreateNumber', 'testCreateFloat', 'testCreateDouble', 'testCreateInteger', 'testCreateLong', 'testCreateBigInteger', 'testCreateBigDecimal', 'testMinimumLong', 'testMinimumInt', 'testMaximumLong', 'testMaximumInt', 'testCompareDouble', 'testCompareFloat', 'testIsDigits', 'testIsNumber', 'testIsNumberInvalidInput', 'testPublicNoArgConstructor', 'testLang457']"
2009-03-14 05:03:13,"=HYPERLINK(""https://github.com/apache/commons-lang/commit/f62839527b087d0f6c3aa74c86cca9bd492fb64b"", ""f62839527b087d0f6c3aa74c86cca9bd492fb64b"")",1,['src/test/org/apache/commons/lang/NumberRangeTest.java'],1,['testConstructorNullParameters'],17,"['testMaxMin', 'testEquals', 'testEqualsWithOtherObject', 'testEqualsWithSameReference', 'testEqualsNull', 'testHashCode', 'testIncludesNumber', 'testIncludesNumberNull', 'testIncludesRange', 'testIncludesRangeNull', 'testConstructor', 'testConstructorNullParameters', 'testConstructorWithMaxLessThanMin', 'testOverlap', 'testOverlapNull', 'testToString', 'testToStringWithNegatives']"
2009-03-14 21:10:44,"=HYPERLINK(""https://github.com/apache/commons-lang/commit/13bd2d388e29e99fb98f613ea90dbeed79500702"", ""13bd2d388e29e99fb98f613ea90dbeed79500702"")",4,"['src/test/org/apache/commons/lang/exception/NestableRuntimeExceptionTest.java', 'src/test/org/apache/commons/lang/exception/AbstractNestableTest.java', 'src/test/org/apache/commons/lang/exception/NestableExceptionTest.java', 'src/test/org/apache/commons/lang/exception/NestableDelegateTest.java']",4,"['testNestableDelegateGetThrowableCount', 'testNestableDelegateGetMessages', 'testNestableDelegateGetThrowableN', 'testNestableDelegateGetThrowables']",24,"['testGetCause', 'testGetThrowableCount', 'testGetMessage', 'testGetMessageI', 'testGetMessages', 'testGetThrowableI', 'testGetThrowables', 'testIndexOfThrowable', 'testIndexOfThrowableI', 'testPrintPartialStackTrace', 'testPrintStackTrace', 'testNestableDelegateConstructor', 'testNestableDelegateGetMessage', 'testNestableDelegateGetThrowableCount', 'testNestableDelegateGetMessages', 'testGetMessageString', 'testNestableDelegateGetMessageN', 'testNestableDelegateGetThrowableN', 'testNestableDelegateGetThrowables', 'testIndexOfThrowable', 'testNestableDelegetePrintStackTrace', 'testSpecificPrintStackTrace', 'testSerialization', 'testSpecificPrintStackTrace']"
2009-03-14 21:46:35,"=HYPERLINK(""https://github.com/apache/commons-lang/commit/da46e86e2f392277df00e10dfa543d09a1c85f84"", ""da46e86e2f392277df00e10dfa543d09a1c85f84"")",1,['src/test/org/apache/commons/lang/math/RandomUtilsTest.java'],13,"['testNextInt', 'testNextInt2', 'testJvmRandomNextInt', 'testNextLong', 'testNextLong2', 'testNextBoolean', 'testNextBoolean2', 'testNextFloat', 'testNextFloat2', 'testNextDouble', 'testNextDouble2', 'testUnimplementedMethods', 'testIllegalArguments']",13,"['testNextInt', 'testNextInt2', 'testJvmRandomNextInt', 'testNextLong', 'testNextLong2', 'testNextBoolean', 'testNextBoolean2', 'testNextFloat', 'testNextFloat2', 'testNextDouble', 'testNextDouble2', 'testUnimplementedMethods', 'testIllegalArguments']"
2009-06-23 01:15:50,"=HYPERLINK(""https://github.com/apache/commons-lang/commit/00f699c1602dc108f3c4d343dccfe6e7a1cb5a58"", ""00f699c1602dc108f3c4d343dccfe6e7a1cb5a58"")",2,"['src/test/org/apache/commons/lang/EntitiesPerformanceTest.java', 'src/test/org/apache/commons/lang/EntitiesTest.java']",28,"['testBuildHash', 'testBuildTree', 'testBuildArray', 'testBuildBinary', 'testBuildPrimitive', 'testBuildLookup', 'testLookupHash', 'testLookupTree', 'testLookupArray', 'testLookupBinary', 'testLookupPrimitive', 'testLookupLookup', 'testEscapeHash', 'testEscapeTree', 'testEscapeArray', 'testEscapeBinary', 'testEscapePrimitive', 'testEscapeLookup', 'testUnescapeHash', 'testUnescapeTree', 'testUnescapeArray', 'testUnescapeBinary', 'testEscapeNamedEntity', 'testUnescapeUnknownEntity', 'testUnescapeMiscellaneous', 'testTreeIntMap', 'testPrimitiveIntMap', 'testNumberOverflow']",35,"['testBuildHash', 'testBuildTree', 'testBuildArray', 'testBuildBinary', 'testBuildPrimitive', 'testBuildLookup', 'testLookupHash', 'testLookupTree', 'testLookupArray', 'testLookupBinary', 'testLookupPrimitive', 'testLookupLookup', 'testEscapeHash', 'testEscapeTree', 'testEscapeArray', 'testEscapeBinary', 'testEscapePrimitive', 'testEscapeLookup', 'testUnescapeHash', 'testUnescapeTree', 'testUnescapeArray', 'testUnescapeBinary', 'testEscapeNamedEntity', 'testUnescapeNamedEntity', 'testUnescapeUnknownEntity', 'testUnescapeMiscellaneous', 'testAddEntitiesArray', 'testEntitiesXmlObject', 'testArrayIntMap', 'testTreeIntMap', 'testHashIntMap', 'testBinaryIntMap', 'testPrimitiveIntMap', 'testHtml40Nbsp', 'testNumberOverflow']"
2009-06-23 23:01:35,"=HYPERLINK(""https://github.com/apache/commons-lang/commit/8a57de11eec842e392f7709eb56f202084998a40"", ""8a57de11eec842e392f7709eb56f202084998a40"")",1,['src/test/org/apache/commons/lang/IntHashMapTest.java'],0,[],8,"['testConstructor', 'testClear', 'testContainsKey', 'testContains', 'testContainsValue', 'testIsEmpty', 'testPut', 'testRemove']"
2009-07-20 18:50:16,"=HYPERLINK(""https://github.com/apache/commons-lang/commit/a2773b230e17d71022791d0ad50fafe0f6a856d1"", ""a2773b230e17d71022791d0ad50fafe0f6a856d1"")",1,['src/test/org/apache/commons/lang/UnhandledExceptionTest.java'],4,"['testConstructor_throwable_nullInput', 'testConstructor_stringAndThrowable_nullInput', 'testGetCause', 'testGetCauseAndGetMessage']",4,"['testConstructor_throwable_nullInput', 'testConstructor_stringAndThrowable_nullInput', 'testGetCause', 'testGetCauseAndGetMessage']"
2009-07-20 18:50:42,"=HYPERLINK(""https://github.com/apache/commons-lang/commit/26b587c7babccea6ff3f79cc43e1ad2da6c6b3cb"", ""26b587c7babccea6ff3f79cc43e1ad2da6c6b3cb"")",1,['src/test/org/apache/commons/lang/IllegalClassExceptionTest.java'],13,"['testConstructor_classArgs_allNullInput', 'testConstructor_classArgs_nullExpected', 'testConstructor_classArgs_nullActual', 'testConstructor_stringArg_nullInput', 'testConstructor_classObjectArgs_allNullInput', 'testConstructor_classObjectArgs_nullExpected', 'testConstructor_classObjectArgs_nullActual', 'testGetMessage_classArgs_nullInput', 'testGetMessage_classArgs_normalInput', 'testGetMessage_classObjectArgs_nullInput', 'testGetMessage_classObjectArgs_normalInput', 'testGetMessage_stringArg_nullInput', 'testGetMessage_stringArg_validInput']",13,"['testConstructor_classArgs_allNullInput', 'testConstructor_classArgs_nullExpected', 'testConstructor_classArgs_nullActual', 'testConstructor_stringArg_nullInput', 'testConstructor_classObjectArgs_allNullInput', 'testConstructor_classObjectArgs_nullExpected', 'testConstructor_classObjectArgs_nullActual', 'testGetMessage_classArgs_nullInput', 'testGetMessage_classArgs_normalInput', 'testGetMessage_classObjectArgs_nullInput', 'testGetMessage_classObjectArgs_normalInput', 'testGetMessage_stringArg_nullInput', 'testGetMessage_stringArg_validInput']"
2009-07-20 18:50:47,"=HYPERLINK(""https://github.com/apache/commons-lang/commit/f04f89bfda742435b86313a7ff01eb975dbbe00c"", ""f04f89bfda742435b86313a7ff01eb975dbbe00c"")",1,['src/test/org/apache/commons/lang/NotImplementedExceptionTest.java'],12,"['testConstructor_', 'testConstructor_String1', 'testConstructor_String2', 'testConstructor_Throwable1', 'testConstructor_Throwable2', 'testConstructor_StringThrowable1', 'testConstructor_StringThrowable2', 'testConstructor_Class1', 'testConstructor_Class2', 'testPrintStackTrace', 'testPrintStackTrace_Stream', 'testPrintStackTrace_Writer']",12,"['testConstructor_', 'testConstructor_String1', 'testConstructor_String2', 'testConstructor_Throwable1', 'testConstructor_Throwable2', 'testConstructor_StringThrowable1', 'testConstructor_StringThrowable2', 'testConstructor_Class1', 'testConstructor_Class2', 'testPrintStackTrace', 'testPrintStackTrace_Stream', 'testPrintStackTrace_Writer']"
2009-07-20 18:50:56,"=HYPERLINK(""https://github.com/apache/commons-lang/commit/687dc10a611d3ded6239baa2b8ebdff7ebfb9871"", ""687dc10a611d3ded6239baa2b8ebdff7ebfb9871"")",1,['src/test/org/apache/commons/lang/NullArgumentExceptionTest.java'],3,"['testConstructor_nullInput', 'testGetMessage_nullConstructorInput', 'testGetMessage_validConstructorInput']",3,"['testConstructor_nullInput', 'testGetMessage_nullConstructorInput', 'testGetMessage_validConstructorInput']"
2009-07-20 18:51:04,"=HYPERLINK(""https://github.com/apache/commons-lang/commit/d8ae0bdbefd1df0dda95f3402c323ca93962d16e"", ""d8ae0bdbefd1df0dda95f3402c323ca93962d16e"")",1,['src/test/org/apache/commons/lang/IncompleteArgumentExceptionTest.java'],6,"['test1arg_nullInput', 'test1arg_validInput', 'test2arg_allNullInput', 'test2arg_nullString', 'test2arg_nullArray', 'test2arg_validInput']",6,"['test1arg_nullInput', 'test1arg_validInput', 'test2arg_allNullInput', 'test2arg_nullString', 'test2arg_nullArray', 'test2arg_validInput']"
2009-11-13 02:54:04,"=HYPERLINK(""https://github.com/apache/commons-lang/commit/452a6c0cd87ed01dc6f60ab65578c6353c0d0522"", ""452a6c0cd87ed01dc6f60ab65578c6353c0d0522"")",7,"['src/test/org/apache/commons/lang/math/LongRangeTest.java', 'src/test/org/apache/commons/lang/math/FloatRangeTest.java', 'src/test/org/apache/commons/lang/math/IntRangeTest.java', 'src/test/org/apache/commons/lang/math/RangeTest.java', 'src/test/org/apache/commons/lang/math/DoubleRangeTest.java', 'src/test/org/apache/commons/lang/math/AbstractRangeTest.java', 'src/test/org/apache/commons/lang/math/NumberRangeTest.java']",2,"['testConstructor1Exceptions', 'testConstructor2Exceptions']",46,"['testGetMinimum', 'testGetMaximum', 'testContainsLong', 'testContainsInteger', 'testContainsDouble', 'testContainsFloat', 'testContainsRange', 'testOverlapsRange', 'testEquals', 'testHashCode', 'testToString', 'testConstructor1a', 'testConstructor1b', 'testConstructor2a', 'testConstructor2b', 'testContainsNumber', 'testToString', 'testConstructor1a', 'testConstructor1b', 'testConstructor2a', 'testConstructor2b', 'testContainsNumber', 'testToString', 'testConstructor1a', 'testConstructor1b', 'testConstructor2a', 'testConstructor2b', 'testContainsNumber', 'testContainsIntegerBig', 'testToArray', 'testConstructor1a', 'testConstructor1b', 'testConstructor2a', 'testConstructor2b', 'testContainsNumber', 'testContainsLongBig', 'testToArray', 'testConstructor1', 'testConstructor1Exceptions', 'testConstructor2', 'testConstructor2Exceptions', 'testContainsLongBig', 'testContainsNumber', 'testEqualsObject', 'testHashCode', 'testToString']"
2009-11-17 02:45:55,"=HYPERLINK(""https://github.com/apache/commons-lang/commit/c090db27a496c00c1c28bf22e54cc57b7f593298"", ""c090db27a496c00c1c28bf22e54cc57b7f593298"")",2,"['src/test/org/apache/commons/lang/text/translate/EscapeUtilsTest.java', 'src/test/org/apache/commons/lang/text/translate/UnescapeUtilsTest.java']",2,"['testConstructorExists', 'testConstructorExists']",2,"['testConstructorExists', 'testConstructorExists']"
2010-07-22 12:42:17,"=HYPERLINK(""https://github.com/apache/commons-lang/commit/91a90af7673ade24edbb7c378b2a3b46fcf8e78a"", ""91a90af7673ade24edbb7c378b2a3b46fcf8e78a"")",1,['src/test/java/org/apache/commons/lang3/event/ReflectiveEventSupportTest.java'],2,"['testReflectiveEventSupport', 'testGetSource']",8,"['testReflectiveEventSupport', 'testFireEventByMethodName', 'testFireEventByMethodNameToInaccessibleMethods', 'testFireEventNullMethodName', 'testFireEventByMethod', 'testFireEventByMethodToInaccessibleMethods', 'testFireEventNullMethod', 'testGetSource']"
2010-07-22 14:08:59,"=HYPERLINK(""https://github.com/apache/commons-lang/commit/056742acf7fa9de76993c24d0eb0fa84b99dbbdd"", ""056742acf7fa9de76993c24d0eb0fa84b99dbbdd"")",1,['src/test/java/org/apache/commons/lang3/event/AbstractEventSupportTest.java'],0,[],6,"['testAddListener', 'testAddNullListener', 'testRemoveListener', 'testRemoveNullListener', 'testGetSource', 'testIterator']"
2011-01-16 22:05:02,"=HYPERLINK(""https://github.com/apache/commons-lang/commit/1330e9dad70336423e7f52f0a0f5f97c107d620c"", ""1330e9dad70336423e7f52f0a0f5f97c107d620c"")",2,"['src/pending/CalendarUtilsTest.java', 'src/pending/DateFormatterTest.java']",0,[],6,"['testRound', 'testTrunc', 'testParse', 'testWeekIterator', 'testMonthIterator', 'testParseCVS']"
2011-03-15 23:39:17,"=HYPERLINK(""https://github.com/apache/commons-lang/commit/e5b0844c4f49d5913f54bb5982284f5e7b76240a"", ""e5b0844c4f49d5913f54bb5982284f5e7b76240a"")",1,['src/test/java/org/apache/commons/lang3/CharSequenceUtilsTest.java'],1,['testConstructor'],1,['testConstructor']
2011-08-17 22:59:16,"=HYPERLINK(""https://github.com/apache/commons-lang/commit/2c499868dbf7cedc9a56c3d873fe9e287d7e0f29"", ""2c499868dbf7cedc9a56c3d873fe9e287d7e0f29"")",3,"['src/test/java/org/apache/commons/lang3/compare/TestComparatorChain.java', 'src/test/java/org/apache/commons/lang3/compare/TestReverseComparator.java', 'src/test/java/org/apache/commons/lang3/compare/TestFixedOrderComparator.java']",12,"['testNoopComparatorChain', 'testBadNoopComparatorChain', 'testListComparatorChain', 'testBadListComparatorChain', 'testComparatorChainOnMinvaluedCompatator', 'testConstructorPlusAdd', 'testArrayConstructor', 'testListConstructor', 'testAddAsEqual', 'testLock', 'testUnknownObjectBehavior', 'testSerializeDeserializeThenCompare']",12,"['testNoopComparatorChain', 'testBadNoopComparatorChain', 'testListComparatorChain', 'testBadListComparatorChain', 'testComparatorChainOnMinvaluedCompatator', 'testConstructorPlusAdd', 'testArrayConstructor', 'testListConstructor', 'testAddAsEqual', 'testLock', 'testUnknownObjectBehavior', 'testSerializeDeserializeThenCompare']"
2011-11-08 22:12:18,"=HYPERLINK(""https://github.com/apache/commons-lang/commit/22861326c26a7feaa13f08f5cb8c8f68bedb1225"", ""22861326c26a7feaa13f08f5cb8c8f68bedb1225"")",5,"['src/test/java/org/apache/commons/lang3/compare/NullComparatorTest.java', 'src/test/java/org/apache/commons/lang3/compare/ComparatorChainTest.java', 'src/test/java/org/apache/commons/lang3/compare/FixedOrderComparatorTest.java', 'src/test/java/org/apache/commons/lang3/compare/ReverseComparatorTest.java', 'src/test/java/org/apache/commons/lang3/compare/ComparableComparatorTest.java']",1,['testJavadocExample'],10,"['testUse', 'testEquals', 'testUse', 'testIterate', 'testJavadocExample', 'testNullHigh', 'testNullLow', 'testUse', 'testTwoCallsCancel', 'testEquality']"
2015-12-17 08:52:42,"=HYPERLINK(""https://github.com/apache/commons-lang/commit/2fa0b168d62a07365b2787d0ed97fa1c2cfb673b"", ""2fa0b168d62a07365b2787d0ed97fa1c2cfb673b"")",1,['src/test/java/org/apache/commons/lang3/time/WeekYearTest.java'],2,"['testParser', 'testPrinter']",2,"['testParser', 'testPrinter']"
2016-09-11 07:39:14,"=HYPERLINK(""https://github.com/apache/commons-lang/commit/716f140d46c1737ca1c6b22a1db10fe041fbf810"", ""716f140d46c1737ca1c6b22a1db10fe041fbf810"")",1,['src/test/java/org/apache/commons/lang3/XMLCharacterTest.java'],0,[],7,"['testIsWhitespace_char', 'testIsWhitespace_char_arrary', 'testIsWhitespace_CharSequence', 'testIsWhitespace_EmptyArray', 'testIsWhitespace_String_firstChar', 'testIsWhitespace_String_lastChar', 'testIsWhitespace_String_singleChar']"
2016-09-11 08:47:33,"=HYPERLINK(""https://github.com/apache/commons-lang/commit/de125de49a652391f0c38e97001c7863da878f1f"", ""de125de49a652391f0c38e97001c7863da878f1f"")",2,"['src/test/java/org/apache/commons/lang3/DigitalBase10SizeUnitTest.java', 'src/test/java/org/apache/commons/lang3/DigitalBase2SizeUnitTest.java']",12,"['testToBits', 'testToBytes', 'testToGigabytes', 'testToKilobytes', 'testToMegabytes', 'testToTerabytes', 'testToBits', 'testToBytes', 'testToGigabytes', 'testToKilobytes', 'testToMegabytes', 'testToTerabytes']",12,"['testToBits', 'testToBytes', 'testToGigabytes', 'testToKilobytes', 'testToMegabytes', 'testToTerabytes', 'testToBits', 'testToBytes', 'testToGigabytes', 'testToKilobytes', 'testToMegabytes', 'testToTerabytes']"
2017-05-17 09:21:41,"=HYPERLINK(""https://github.com/apache/commons-lang/commit/5a87fa172eb1368fe413af34511d1eb3f2674a9f"", ""5a87fa172eb1368fe413af34511d1eb3f2674a9f"")",5,"['src/test/java/org/apache/commons/lang3/concurrent/annotation/ThreadSafeTest.java', 'src/test/java/org/apache/commons/lang3/concurrent/annotation/NotThreadSafeTest.java', 'src/test/java/org/apache/commons/lang3/concurrent/annotation/ImmutableTest.java', 'src/test/java/org/apache/commons/lang3/concurrent/annotation/GuardedByTest.java', 'src/test/java/org/apache/commons/lang3/concurrent/annotation/ContractTest.java']",1,['testMethodAnnotationInClassFile'],10,"['testClassAnnotationInClassFile', 'testMethodAnnotationNotRetainedAtRuntime', 'testMethodAnnotationInClassFile', 'testMethodAnnotationNotRetainedAtRuntime', 'testClassAnnotationInClassFile', 'testMethodAnnotationNotRetainedAtRuntime', 'testClassAnnotationInClassFile', 'testMethodAnnotationNotRetainedAtRuntime', 'testClassAnnotationInClassFile', 'testMethodAnnotationNotRetainedAtRuntime']"
2018-10-11 15:28:38,"=HYPERLINK(""https://github.com/apache/commons-lang/commit/ca2e59c513edc2a8b30ff62595e01f8dff79f0d2"", ""ca2e59c513edc2a8b30ff62595e01f8dff79f0d2"")",1,['src/test/java/org/apache/commons/lang3/test/SystemDefaultsSwitchTest.java'],4,"['testDefaultLocaleNoAnnotation', 'testUseDifferentLocale', 'testDefaultTimeZoneNoAnnotation', 'testUseDifferentTimeZone']",4,"['testDefaultLocaleNoAnnotation', 'testUseDifferentLocale', 'testDefaultTimeZoneNoAnnotation', 'testUseDifferentTimeZone']"
2019-05-01 17:43:39,"=HYPERLINK(""https://github.com/apache/commons-lang/commit/b30be60a81a14921b3c6bca9689f4886693f1bcd"", ""b30be60a81a14921b3c6bca9689f4886693f1bcd"")",1,['src/test/java/org/apache/commons/lang3/concurrent/DaemonThreadFactoryTest.java'],0,[],2,"['testThreadFactory', 'testThreadFactoryPrefix']"
2020-07-09 07:38:19,"=HYPERLINK(""https://github.com/apache/commons-lang/commit/324363816774a1f9bca998950081130be6756611"", ""324363816774a1f9bca998950081130be6756611"")",1,['src/test/java/org/apache/commons/lang3/concurrent/locks/LocksTest.java'],2,"['testReadLock', 'testWriteLock']",3,"['testReadLock', 'testWriteLock', 'testResultValidation']"
